first_name,last_name,phone,address,email
Neil,Jefferson,915-555-9273,545 Main Bedrock DC 9342,neiljefferson@fakeemail.com
Sam,Robinson,339-555-9324,275 Pine Smalltown WV 5542,samrobinson@fakeemail.com
Laura,Jones,485-555-8287,380 Pearl Thundera DC 9642,laurajones@fakeemail.com
Nicole,Brown,774-555-9654,124 Pearl Sunnydale AZ 7712,nicolebrown@fakeemail.com
Neil,Jenkins,668-555-8580,154 Hill Oldtown KY 2629,neiljenkins@fakeemail.com
Elizabeth,Jones,787-555-9666,127 Washington Balmora GA 9091,elizabethjones@fakeemail.com
Steve,Wilson,739-555-9680,364 Pine Winterfell NV 2223,stevewilson@fakeemail.com
Robert,Harris,488-555-8414,796 High Pythonville ME 9288,robertharris@fakeemail.com
Mary,Williams,167-555-6267,510 High Oldtown WI 5946,marywilliams@fakeemail.com
Laura,Smith,461-555-8845,105 Cedar Eerie IL 1982,laurasmith@fakeemail.com
Kurt,Williams,847-555-9937,451 Main Winterfell KY 8019,kurtwilliams@fakeemail.com
Sam,Robinson,925-555-7179,292 Oak Atlantis DC 5703,samrobinson@fakeemail.com
Laura,Martin,479-555-9852,610 Hill Gotham WV 6424,lauramartin@fakeemail.com
John,Jacobs,535-555-9783,697 Elm Quahog CA 6863,johnjacobs@fakeemail.com
Barbara,Patterson,660-555-5649,155 Cedar Faketown SD 2864,barbarapatterson@fakeemail.com
Michael,Jefferson,993-555-7067,204 Hill Sunnydale MT 3396,michaeljefferson@fakeemail.com
Joe,Wilson,892-555-6908,507 Maple Atlantis FL 2704,joewilson@fakeemail.com
Neil,Patterson,684-555-6957,569 High Lakeview AL 5535,neilpatterson@fakeemail.com
Barbara,Patterson,149-555-8124,208 Maple Dawnstar MA 2356,barbarapatterson@fakeemail.com
Michael,Davis,635-555-6143,954 Cedar Metropolis AR 2590,michaeldavis@fakeemail.com
John,Taylor,543-555-6960,547 Elm Eerie IL 3727,johntaylor@fakeemail.com
Joe,Doe,388-555-8454,932 Cedar Olympus WI 8013,joedoe@fakeemail.com
Joe,Taylor,111-555-5900,961 Lake Faketown WI 9636,joetaylor@fakeemail.com
Robert,Brown,448-555-8940,805 High Epicburg WY 7361,robertbrown@fakeemail.com
Tom,Wilson,436-555-5171,418 Pearl Oldtown NC 8173,tomwilson@fakeemail.com
Laura,Robinson,482-555-8767,242 High Pythonville FL 7531,laurarobinson@fakeemail.com
Robert,Stuart,202-555-6892,851 Main Faketown AZ 2846,robertstuart@fakeemail.com
Michael,Williams,898-555-9422,859 Hill South Park AZ 6722,michaelwilliams@fakeemail.com
Maria,Davis,397-555-7483,109 High Westworld SC 9485,mariadavis@fakeemail.com
Steve,Johnson,308-555-5052,593 Pine Bedrock KY 7685,stevejohnson@fakeemail.com
Dave,Jackson,648-555-8198,948 Oak Smalltown WA 6716,davejackson@fakeemail.com
Elizabeth,Moore,236-555-9954,716 Lake Atlantis LA 3125,elizabethmoore@fakeemail.com
James,Jones,283-555-6877,167 Park Lakeview RI 2465,jamesjones@fakeemail.com
Laura,Robinson,405-555-7514,475 Main Atlantis PA 6467,laurarobinson@fakeemail.com
Michael,Brown,628-555-8578,135 Pearl Valyria KS 3314,michaelbrown@fakeemail.com
Corey,Jacobs,480-555-9389,640 Park Mordor CA 1335,coreyjacobs@fakeemail.com
Neil,Taylor,212-555-5180,728 Park Mordor CT 9564,neiltaylor@fakeemail.com
Tom,Johnson,704-555-9303,383 Main Westworld CA 6506,tomjohnson@fakeemail.com
Patricia,Taylor,918-555-5862,834 High Vice City MA 3159,patriciataylor@fakeemail.com
Patricia,Davis,864-555-5841,942 Elm Winterfell NM 5909,patriciadavis@fakeemail.com
Charles,Thomas,600-555-5419,857 Maple Balmora AZ 4113,charlesthomas@fakeemail.com
Michael,Johnson,868-555-7131,669 Cedar Balmora MN 3943,michaeljohnson@fakeemail.com
Barbara,Jones,634-555-6616,327 Cedar Vice City IA 6069,barbarajones@fakeemail.com
Maggie,Stuart,972-555-5881,445 Cedar Braavos NM 1792,maggiestuart@fakeemail.com
John,Arnold,869-555-5292,551 Oak Braavos NH 4393,johnarnold@fakeemail.com
Jennifer,Williams,249-555-9052,618 Oak Gotham NM 2443,jenniferwilliams@fakeemail.com
Robert,Doe,714-555-6587,663 Pine Gotham MN 9481,robertdoe@fakeemail.com
Jennifer,Stuart,488-555-6402,364 Lake Mordor NY 2836,jenniferstuart@fakeemail.com
Nicole,Moore,109-555-8620,947 Pearl Westworld VA 8517,nicolemoore@fakeemail.com
Mary,Miller,794-555-8856,145 Pearl Epicburg SD 3004,marymiller@fakeemail.com
Maria,Davis,997-555-6023,346 Main Mordor GA 7537,mariadavis@fakeemail.com
John,Moore,709-555-8041,429 Pearl Oldtown TN 2304,johnmoore@fakeemail.com
James,Miller,788-555-8759,596 Elm Springfield AZ 9943,jamesmiller@fakeemail.com
Travis,Jenkins,348-555-5113,985 Park Valyria NV 7197,travisjenkins@fakeemail.com
Tom,Brown,306-555-8083,172 Pearl Dawnstar WA 1495,tombrown@fakeemail.com
Tom,Anderson,203-555-9512,452 Elm Epicburg NE 3273,tomanderson@fakeemail.com
Kurt,Davis,165-555-8420,251 High Springfield DE 8328,kurtdavis@fakeemail.com
Barbara,Anderson,707-555-9388,694 Pearl Winterfell UT 4668,barbaraanderson@fakeemail.com
John,Anderson,710-555-8179,296 Elm Smalltown TX 2465,johnanderson@fakeemail.com
Mary,Davis,442-555-8890,853 Main Lakeview WI 9406,marydavis@fakeemail.com
James,Davis,271-555-5234,314 Park Valyria MS 1913,jamesdavis@fakeemail.com
Robert,Miller,859-555-8092,958 Elm Valyria DC 9874,robertmiller@fakeemail.com
Kurt,Smith,274-555-9648,427 Cedar Springfield ID 5531,kurtsmith@fakeemail.com
Jennifer,Thomas,621-555-5114,637 High Braavos OK 7820,jenniferthomas@fakeemail.com
Elizabeth,Jacobs,689-555-9165,587 Maple King's Landing OK 6274,elizabethjacobs@fakeemail.com
Elizabeth,Wilson,136-555-9126,330 Washington Epicburg OK 1043,elizabethwilson@fakeemail.com
Jennifer,Patterson,717-555-5655,518 Pearl South Park NY 2213,jenniferpatterson@fakeemail.com
Neil,Smith,672-555-9851,123 Washington Mordor MO 6808,neilsmith@fakeemail.com
Travis,Jenkins,310-555-7068,123 Pine South Park RI 2000,travisjenkins@fakeemail.com
Laura,Smith,362-555-6910,639 Cedar Valyria NV 8191,laurasmith@fakeemail.com
Maria,Davis,897-555-8103,580 Pearl King's Landing MT 9826,mariadavis@fakeemail.com
John,Smith,280-555-9349,907 Oak Dawnstar ID 7125,johnsmith@fakeemail.com
Joe,Jones,368-555-7895,763 Park Bedrock LA 2972,joejones@fakeemail.com
Linda,Wright,415-555-5959,471 Park Braavos OH 7266,lindawright@fakeemail.com
Sam,Williams,668-555-9190,589 Hill Oldtown DC 9067,samwilliams@fakeemail.com
Maria,Thomas,905-555-6067,199 Park Winterfell VT 1858,mariathomas@fakeemail.com
Patricia,Harris,626-555-9686,487 Hill Oldtown FL 7630,patriciaharris@fakeemail.com
Kurt,Taylor,187-555-8611,819 Maple Vice City TN 8995,kurttaylor@fakeemail.com
Barbara,Brown,539-555-7935,511 Hill Springfield GA 2524,barbarabrown@fakeemail.com
Charles,Thomas,642-555-7415,337 Main Bedrock TN 8632,charlesthomas@fakeemail.com
Tom,Arnold,230-555-5544,748 Park Winterfell GA 9069,tomarnold@fakeemail.com
John,Moore,844-555-9666,837 Main Smalltown CA 3885,johnmoore@fakeemail.com
Tom,White,679-555-5939,509 Main Winterfell DC 2631,tomwhite@fakeemail.com
Patricia,Arnold,985-555-5688,106 Park King's Landing KS 1132,patriciaarnold@fakeemail.com
Jennifer,Williams,900-555-6645,108 High Valyria NE 3041,jenniferwilliams@fakeemail.com
Patricia,White,217-555-6213,537 Hill Smalltown ID 5492,patriciawhite@fakeemail.com
Dave,Williams,483-555-8596,113 Pearl Smalltown SC 9908,davewilliams@fakeemail.com
Jane,Doe,718-555-9789,214 Washington Blackwater NE 2061,janedoe@fakeemail.com
Robert,Robinson,560-555-9035,347 Pine Balmora AR 7531,robertrobinson@fakeemail.com
John,Smith,963-555-8053,243 High Westworld AR 7791,johnsmith@fakeemail.com
Neil,Smith,697-555-9375,839 Oak South Park AL 8077,neilsmith@fakeemail.com
Maria,Doe,155-555-8398,920 High Braavos MA 2618,mariadoe@fakeemail.com
Barbara,Harris,354-555-8007,182 Cedar King's Landing SD 6816,barbaraharris@fakeemail.com
Kurt,Wilson,465-555-6155,649 High Springfield AZ 1397,kurtwilson@fakeemail.com
Michael,Martin,941-555-5599,441 Maple Bedrock WV 8164,michaelmartin@fakeemail.com
Neil,Jefferson,366-555-5559,598 Elm Smalltown FL 2659,neiljefferson@fakeemail.com
Robert,Robinson,658-555-7317,452 Pine Epicburg WV 4654,robertrobinson@fakeemail.com
James,Wilson,526-555-7163,964 Main Thundera MT 5324,jameswilson@fakeemail.com
Neil,Smith,620-555-8657,319 Oak Mordor IL 7436,neilsmith@fakeemail.com
Maggie,Wilson,945-555-7510,760 Hill King's Landing NY 6084,maggiewilson@fakeemail.com